<VisualMicro>
  <Program Name="Datalogger_V0_1" Ext=".ino" Location="C:\Users\Ian Stedman\Documents\Arduino\Datalogger_V0_1">
    <Platform Name="arduino10x" Package="arduino" Platform="avr" Architecture="avr">
      <Board Name="diecimila" Description="Arduino Diecimila or Duemilanove w/ ATmega168" CoreFolder="C:\Program Files (x86)\Arduino\hardware\arduino\cores\arduino" VariantFullPath="C:\Program Files (x86)\Arduino\hardware\arduino\variants\standard" McuIdePath="C:\Program Files (x86)\Arduino" McuSketchBookPath="C:\Users\Ian Stedman\Documents\Arduino" name="Arduino Diecimila or Duemilanove w/ ATmega168" upload.protocol="arduino" upload.maximum_size="14336" upload.speed="19200" bootloader.low_fuses="0xff" bootloader.high_fuses="0xdd" bootloader.extended_fuses="0x00" bootloader.path="atmega" bootloader.file="ATmegaBOOT_168_diecimila.hex" bootloader.unlock_bits="0x3F" bootloader.lock_bits="0x0F" build.mcu="atmega168" build.f_cpu="16000000L" build.core="arduino" build.variant="standard" runtime.ide.path="C:\Program Files (x86)\Arduino" build.system.path="C:\Program Files (x86)\Arduino\hardware\arduino\system" runtime.ide.version="105" originalid="diecimila" vm.platform.root.path="C:\Program Files (x86)\Visual Micro\Visual Micro for Arduino\Micro Platforms\arduino10x" ide.hint="Arduino 0023 and 1.0.x Ide" ide.location.key="Arduino" ide.location.ide.winreg="Arduino 1.0.x Application" ide.location.sketchbook.winreg="Arduino 1.0.x Sketchbook" ide.location.sketchbook.preferences="sketchbook.path" ide.location.sketchbook.default="%MYDOCUMENTS%\arduino" ide.location.preferences="%VM_APPDATA_ROAMING%\arduino\preferences.txt" ide.default.package="arduino" ide.default.platform="avr" ide.multiplatform="true" ide.includes="arduino.h" ide.platformswithoutpackage="true" ide.includes.fallback="wprogram.h" ide.extension="ino" ide.extension.fallback="pde" ide.versionLTEQ="149" ide.exe="arduino.exe" ide.hosts="atmel" ide.url="http://arduino.cc/en/Main/Software" vm.debug="true" software="ARDUINO" ide.appid="arduino10x" location.sketchbook="C:\Users\Ian Stedman\Documents\Arduino" build.core.vmresolved="C:\Program Files (x86)\Arduino\hardware\arduino\cores\arduino" build.core.parentfolder.vmresolved="C:\Program Files (x86)\Arduino\hardware\arduino\cores" build.core.coresparentfolder.vmresolved="C:\Program Files (x86)\Arduino\hardware\arduino" vm.core.include="arduino.h" build.board="AVR_DIECIMILA" vm.boardsource.path="C:\Program Files (x86)\Arduino\hardware\arduino" runtime.platform.path="C:\Program Files (x86)\Arduino\hardware\arduino" vm.platformname.name="avr" build.arch="AVR" build.variant.vmresolved="C:\Program Files (x86)\Arduino\hardware\arduino\variants\standard" vm.runtime.compiler.showwarnings="false" compiler.path="C:\Program Files (x86)\Arduino\hardware\tools\avr\bin\" includes=" -I&quot;C:\Program Files (x86)\Arduino\hardware\arduino\cores\arduino&quot;  -I&quot;C:\Program Files (x86)\Arduino\hardware\arduino\variants\standard&quot;  -I&quot;C:\Program Files (x86)\Arduino\libraries\Wire&quot;  -I&quot;C:\Program Files (x86)\Arduino\libraries\SoftwareSerial&quot;  -I&quot;C:\Program Files (x86)\Arduino\libraries&quot;  -I&quot;C:\Program Files (x86)\Arduino\hardware\arduino\libraries&quot;  -I&quot;C:\Program Files (x86)\Visual Micro\Visual Micro for Arduino\Micro Platforms\default\debuggers&quot;  -I&quot;C:\Users\Ian Stedman\Documents\Arduino\libraries&quot;  -I&quot;C:\Program Files (x86)\Arduino\libraries\Wire\utility&quot;" build.path="C:\Users\Ian Stedman\AppData\Local\VMicro\Arduino\Builds\Datalogger_V0_1\diecimila" build.project_name="Datalogger_V0_1" build.variant.path="C:\Program Files (x86)\Arduino\hardware\arduino\variants\standard" archive_file="core.a" object_file="C:\Users\Ian Stedman\AppData\Local\VMicro\Arduino\Builds\Datalogger_V0_1\diecimila\SoftwareSerial\SoftwareSerial.cpp.o" source_file="C:\Program Files (x86)\Arduino\libraries\SoftwareSerial\SoftwareSerial.cpp" object_files="&quot;C:\Users\Ian Stedman\AppData\Local\VMicro\Arduino\Builds\Datalogger_V0_1\diecimila\Datalogger_V0_1.cpp.o&quot; &quot;C:\Users\Ian Stedman\AppData\Local\VMicro\Arduino\Builds\Datalogger_V0_1\diecimila\Wire\Wire.cpp.o&quot; &quot;C:\Users\Ian Stedman\AppData\Local\VMicro\Arduino\Builds\Datalogger_V0_1\diecimila\Wire\utility\twi.c.o&quot; &quot;C:\Users\Ian Stedman\AppData\Local\VMicro\Arduino\Builds\Datalogger_V0_1\diecimila\SoftwareSerial\SoftwareSerial.cpp.o&quot; " build.architecture="avr" vmresolved.compiler.path="C:\Program Files (x86)\Arduino\hardware\tools\avr\bin\" vmresolved.tools.path="C:\Program Files (x86)\Arduino\hardware\tools\avr" serial.port.file="COM8" serial.port="COM8" />
    </Platform>
    <Compile CompilerErrors="0" ConfigurationName="Debug" StopOnError="False" OptimiseLibs="True" OptimiseCore="True" BuildPath="C:\Users\Ian Stedman\AppData\Local\VMicro\Arduino\Builds\Datalogger_V0_1\diecimila" IsDebugStart="1" SketchName="Datalogger_V0_1" ReportDigitalPins="0" ReportAnalogPins="0" ReportI2C="0" ReportFreeMemory="0" IncludeDebug="1" LastDebugPreProcessorDefinitions="VM_DEBUG;VM_DEBUG_ENABLE 1;VM_DEBUG_BANDWIDTH_THROTTLE_MS 50;VM_DEBUGGER_TYPE_HARDWARESERIAL 0;VM_DEBUGGER_TYPE_SOFTWARESERIAL 1;VM_DEBUGGER_TYPE_FASTSERIAL 2;VM_DEBUGGER_TYPE_USB 3;VM_DEBUGGER_TYPE_TEENSY 4;VM_DEBUGGER_TYPE_UART 5;VM_DEBUGGER_TYPE_USART 6;VM_DEBUGGER_TYPE_USBSERIAL 7;VM_DEBUGGER_TYPE_TTYUART 8;VM_DEBUGGER_TYPE_NET_CONSOLE 9;VM_DEBUGGER_TYPE_Uart 10;VM_DEBUGGER_TYPE VM_DEBUGGER_TYPE_HARDWARESERIAL;VM_DEBUG_BREAKPAUSE;" IncludesDebug="1" IsCompiled="1" />
    <Debug EnableBreak="1" LocalPort="COM8" LocalPortSpeed="57600" RemotePortSpeed="57600" PinRX="0" PinTX="1" DebugEnabled="1" RemotePortSpeedWrittenToDebugSource="57600" />
    <VCCodeModel>
      <VCCodeMacros />
    </VCCodeModel>
    <BreakPoints>
      <BreakPoint Index="1" Name="Datalogger_V0_1.ino, line 242" Id="fb94a339-b571-4523-837e-98a34505525c" Enabled="1" Message="" MessageTextType="2" PreProcessedMessage="" Condition="" ConditionType="1" CurrentHits="0" File="c:\users\ian stedman\documents\arduino\datalogger_v0_1\datalogger_v0_1.ino" FileLine="242" FileColumn="1" FunctionName="writeDataToStick()" FunctionLineOffset="11" FunctionColumnOffset="1" HitCountTarget="1" HitCountType="1" Language="C++" LocationType="3" Tag="&lt;vmbp Id='fb94a339-b571-4523-837e-98a34505525c'/&gt;" Type="1" ToString="System.__ComObject" BreakWhenHit="1">
        <Source>235	   Numbers represent number of characters.
236	   */
237	  unsigned long dateStamp;
238	  unsigned long fileNumber;
239	
240	  dateStamp=dateStampForUSB();       //gets value for datestamp
241	  fileNumber=dateStamp;
--&gt;242	  mySerial.print("OPW LOG%");
243	  mySerial.print(fileNumber,HEX);        // Use datestamp for a unique filename.
244	  mySerial.print(".TXT");   
245	  mySerial.write(13);
246	  #ifdef DEBUG
247	  Serial.print("WRITING to LOG%");
248	  Serial.print(fileNumber,HEX);
249	  Serial.println(".TXT");
250	  #endif
251	
</Source>
      </BreakPoint>
      <BreakPoint Index="2" Name="Datalogger_V0_1.ino, line 70" Id="a982ac69-caab-4977-8db6-0f48bf1b184f" Enabled="1" Message="" MessageTextType="2" PreProcessedMessage="" Condition="" ConditionType="1" CurrentHits="0" File="c:\users\ian stedman\documents\arduino\datalogger_v0_1\datalogger_v0_1.ino" FileLine="70" FileColumn="1" FunctionName="setup()" FunctionLineOffset="3" FunctionColumnOffset="1" HitCountTarget="1" HitCountType="1" Language="C++" LocationType="3" Tag="&lt;vmbp Id='a982ac69-caab-4977-8db6-0f48bf1b184f'/&gt;" Type="1" ToString="System.__ComObject" BreakWhenHit="1">
        <Source>63	#define VERSION 0.1
64	#define DEBUG 1 // If defined, user serial port for debug
65	#define DATEDEBUG 1
66	
67	void setup()
68	{
69	  Serial.begin(57600);  // start serial for output
--&gt;70	  Serial.print("Starting datalogger program Ver ");
71	  Serial.println(VERSION);
72	  Serial.print("Interval is ");
73	  Serial.println(SampleInterval);
74	  analogReference(INTERNAL);
75	  Vcc=CalcAdcRes();
76	  Resolution=(float)Vcc/1024000.00; // Store calculated ADC resolution
77	  // Initilise I2C for RTC and temperature sensor
78	  analogReference(DEFAULT); // Back to normal for the ADC
79	  Wire.begin();
</Source>
      </BreakPoint>
    </BreakPoints>
  </Program>
</VisualMicro>